date,open,high,low,adjClose,value,volume,count,close
2018-08-04,10000.0,10000.0,10000.0,10000.0,40673240000,4067324,508,10000.0
2018-08-05,10000.0,10000.0,10000.0,10000.0,10698420000,1069842,119,10000.0
2018-08-06,10000.0,10000.0,10000.0,10000.0,1009270000,100927,107,10000.0
2018-08-07,10000.0,10000.0,10000.0,10000.0,10020000000,1002000,111,10000.0
2018-08-08,10000.0,10000.0,10000.0,10000.0,40584450000,4058445,161,10000.0
2018-10-15,10388.0,10394.0,10388.0,10393.0,35163703363,3383391,90,10393.0
2018-10-16,10400.0,10400.0,10395.0,10400.0,26252770345,2524305,69,10400.0
2018-10-17,10407.0,10407.0,10400.0,10403.0,43401541309,4172217,106,10406.0
2018-10-20,10419.0,10419.0,10415.0,10419.0,1386664350,133090,16,10419.0
2018-10-21,10425.0,10425.0,10422.0,10425.0,11208084375,1075137,19,10425.0
2018-10-22,10431.0,10431.0,10428.0,10431.0,10776409920,1033120,28,10431.0
2018-10-23,10438.0,10438.0,10433.0,10435.0,38865780340,3724560,80,10435.0
2018-10-24,10439.0,10444.0,10439.0,10442.0,41571196750,3981310,81,10444.0
2018-10-27,10463.0,10463.0,10457.0,10463.0,2623931953,250782,15,10461.0
2018-10-28,10463.0,10470.0,10463.0,10468.0,49429150,4722,9,10470.0
2018-10-29,10475.0,10475.0,10469.0,10475.0,1728403220,165004,8,10475.0
2018-10-31,10480.0,10483.0,10480.0,10482.0,1869307100,178340,8,10483.0
2018-11-03,10506.0,10506.0,10503.0,10505.0,850742832,80982,14,10506.0
2018-11-04,10511.0,10511.0,10508.0,10511.0,1403491483,133526,10,10511.0
2018-11-05,10514.0,10517.0,10514.0,10517.0,170194571,16183,7,10514.0
2018-11-06,10521.0,10525.0,10521.0,10523.0,3137090938,298126,22,10521.0
2018-11-10,10550.0,10550.0,10546.0,10546.0,757456704,71824,10,10546.0
2018-11-11,10553.0,10557.0,10553.0,10557.0,546411519,51759,6,10557.0
2018-11-12,10660.0,10661.0,10563.0,10565.0,293719555,27800,8,10563.0
2018-11-13,10571.0,10571.0,10566.0,10570.0,590985315,55910,5,10566.0
2018-11-14,10577.0,10577.0,10577.0,10577.0,264425000,25000,1,10577.0
2018-11-17,10592.0,10597.0,10592.0,10596.0,395133180,37290,6,10597.0
2018-11-18,10598.0,10602.0,10598.0,10602.0,2297713594,216731,13,10602.0
2018-11-19,10607.0,10608.0,10604.0,10608.0,8025251078,756530,33,10604.0
2018-11-20,10615.0,10615.0,10609.0,10610.0,8127000490,765970,19,10609.0
2018-11-21,10616.0,10620.0,10616.0,10618.0,10869604354,1023700,15,10620.0
2018-11-24,10635.0,10638.0,10635.0,10638.0,1439437308,135311,17,10635.0
2018-11-26,10648.0,10654.0,10648.0,10654.0,1434353330,134631,10,10654.0
2018-11-27,10661.0,10661.0,10656.0,10661.0,9506509399,891709,25,10661.0
2018-11-28,10668.0,10668.0,10662.0,10666.0,3815922756,357762,46,10668.0
2018-12-01,10684.0,10688.0,10682.0,10684.0,11736358812,1098498,32,10684.0
2018-12-02,10691.0,10694.0,10691.0,10691.0,16716387821,1563589,41,10691.0
2018-12-03,10700.0,10700.0,10700.0,10700.0,803473700,75091,5,10700.0
2018-12-04,10701.0,10707.0,10701.0,10703.0,8509129790,795010,15,10704.0
2018-12-05,10710.0,10712.0,10710.0,10712.0,6960033660,649760,17,10710.0
2018-12-08,10728.0,10734.0,10728.0,10732.0,1189352735,110828,12,10734.0
2018-12-09,10735.0,10740.0,10735.0,10736.0,12790972865,1191429,38,10735.0
2018-12-10,10747.0,10747.0,10741.0,10744.0,6738328839,627159,21,10747.0
2018-12-12,10760.0,10762.0,10760.0,10761.0,55108363110,5121110,125,10762.0
2018-12-15,10782.0,10783.0,10775.0,10782.0,53051946389,4920423,64,10783.0
2018-12-16,10789.0,10789.0,10782.0,10787.0,34067450206,3158082,74,10789.0
2018-12-17,10794.0,10795.0,10789.0,10794.0,20112425734,1863236,40,10794.0
2018-12-18,10795.0,10808.0,10795.0,10801.0,16246473910,1504211,45,10808.0
2018-12-19,10803.0,10814.0,10802.0,10809.0,12054086248,1115187,24,10814.0
2018-12-22,10824.0,10828.0,10824.0,10828.0,969493168,89536,17,10828.0
2018-12-23,10830.0,10840.0,10830.0,10839.0,1320295370,121814,11,10840.0
2018-12-24,10845.0,10860.0,10844.0,10848.0,10604605670,977545,28,10860.0
2018-12-25,10853.0,10890.0,10850.0,10858.0,22460072559,2068546,57,10890.0
2018-12-26,10863.0,10864.0,10860.0,10864.0,20209998000,1860300,43,10864.0
2018-12-29,10881.0,10886.0,10881.0,10883.0,1940568034,178318,18,10886.0
2018-12-30,10889.0,10889.0,10889.0,10889.0,2483280006,228054,14,10889.0
2018-12-31,10892.0,10905.0,10892.0,10897.0,12673263945,1163025,39,10905.0
2019-01-01,10904.0,10905.0,10900.0,10904.0,6473488113,593659,25,10905.0
2019-01-02,10909.0,10917.0,10905.0,10912.0,10442118083,956938,40,10917.0
2019-01-05,10934.0,10940.0,10934.0,10937.0,24972454652,2283371,71,10940.0
2019-01-06,10942.0,10999.0,10938.0,10942.0,11512975959,1052183,43,10945.0
2019-01-07,10949.0,10960.0,10944.0,10954.0,7114953660,649550,28,10960.0
2019-01-08,10955.0,11000.0,10955.0,10965.0,8899140628,811581,40,10960.0
2019-01-09,10970.0,11000.0,10966.0,10967.0,6778893226,618090,39,10966.0
2019-01-12,10987.0,10992.0,10987.0,10988.0,5069782927,461391,16,10988.0
2019-01-13,10995.0,11198.0,10995.0,10995.0,15565446539,1415659,83,10996.0
2019-01-14,11002.0,11002.0,11002.0,11002.0,2194899000,199500,9,11002.0
2019-01-15,11009.0,11111.0,11009.0,11010.0,2877904500,261400,9,11011.0
2019-01-16,11018.0,11110.0,11018.0,11040.0,11939549926,1081489,55,11022.0
2019-01-19,11148.0,11148.0,11049.0,11056.0,3048678638,275755,16,11050.0
2019-01-20,11100.0,11150.0,11059.0,11062.0,3823032495,345593,26,11060.0
2019-01-21,11066.0,11120.0,11066.0,11066.0,69297163506,6262150,290,11066.0
2019-01-22,11070.0,11199.0,11070.0,11079.0,4773440833,430858,22,11199.0
2019-01-23,11085.0,11100.0,11081.0,11087.0,4911691195,443029,24,11085.0
2019-01-26,11097.0,11150.0,11085.0,11092.0,32186552185,2901778,122,11130.0
2019-01-27,11097.0,11097.0,11092.0,11093.0,17920646901,1615508,47,11097.0
2019-01-28,11099.0,11099.0,11093.0,11094.0,16839145304,1517865,43,11097.0
2019-01-29,11095.0,11101.0,11095.0,11099.0,10458166118,942273,39,11100.0
2019-01-30,11105.0,11150.0,11100.0,11105.0,2767679323,249225,10,11105.0
2019-02-02,11125.0,11125.0,11120.0,11125.0,2914314895,261961,13,11125.0
2019-02-03,11130.0,11131.0,11125.0,11126.0,5149906974,462889,47,11125.0
2019-02-04,11127.0,11132.0,11126.0,11127.0,699435889,62858,13,11132.0
2019-02-05,11141.0,11144.0,11140.0,11140.0,1215587577,109119,8,11140.0
2019-02-06,11141.0,11226.0,11141.0,11146.0,16875360832,1513997,35,11146.0
2019-02-10,11172.0,11228.0,11172.0,11177.0,3796262967,339662,10,11228.0
2019-02-12,11185.0,11189.0,11184.0,11188.0,1065703630,95252,9,11189.0
2019-02-13,11193.0,11197.0,11192.0,11197.0,2256088103,201495,30,11197.0
2019-02-16,11211.0,11216.0,11211.0,11216.0,19381024023,1727982,51,11216.0
2019-02-17,11217.0,11240.0,11217.0,11218.0,10733669881,956844,60,11217.0
2019-02-18,11224.0,11228.0,11224.0,11225.0,1582670466,141000,16,11224.0
2019-02-19,11230.0,11235.0,11230.0,11232.0,4060588933,361505,30,11235.0
2019-02-20,11243.0,11292.0,11238.0,11243.0,203966265151,18141629,396,11292.0
2019-02-23,11254.0,11259.0,11253.0,11253.0,12423896497,1104047,36,11259.0
2019-02-24,11266.0,11266.0,11261.0,11266.0,2619133544,232489,23,11266.0
2019-02-25,11271.0,11272.0,11268.0,11271.0,864792134,76725,11,11272.0
2019-02-26,11278.0,11280.0,11276.0,11279.0,7011038800,621607,28,11279.0
2019-02-27,11285.0,11320.0,11279.0,11281.0,12637093876,1120254,37,11300.0
2019-03-02,11300.0,11307.0,11300.0,11306.0,4043047027,357601,20,11304.0
2019-03-03,11310.0,11311.0,11306.0,11309.0,35728649901,3159205,79,11307.0
2019-03-04,11313.0,11317.0,11312.0,11314.0,4216920402,372711,15,11312.0
2019-03-05,11319.0,11325.0,11319.0,11321.0,10233074548,903922,23,11320.0
2019-03-06,11331.0,11399.0,11331.0,11331.0,11200832551,988501,28,11331.0
2019-03-09,11346.0,11351.0,11345.0,11346.0,10598483623,934083,31,11345.0
2019-03-10,11352.0,11357.0,11351.0,11356.0,4840736381,426284,28,11353.0
2019-03-11,11357.0,11363.0,11356.0,11357.0,13211572752,1163287,39,11356.0
2019-03-12,11364.0,11370.0,11364.0,11366.0,6085036596,535389,22,11364.0
2019-03-13,11371.0,11400.0,11371.0,11375.0,3982426204,350102,31,11371.0
2019-03-16,11390.0,11410.0,11375.0,11386.0,52923758362,4647944,147,11375.0
2019-03-17,11396.0,11402.0,11396.0,11399.0,15630262771,1371159,40,11402.0
2019-03-18,11402.0,11408.0,11402.0,11408.0,122639953258,10750349,123,11408.0
2019-03-19,11414.0,11550.0,11409.0,11431.0,84266469240,7372005,174,11520.0
2019-03-25,11456.0,11456.0,11450.0,11456.0,123752950002,10802470,131,11456.0
2019-03-26,11463.0,11463.0,11456.0,11459.0,1125080470,98182,16,11456.0
2019-03-27,11464.0,11469.0,11464.0,11469.0,11806424186,1029433,29,11469.0
2019-03-30,11490.0,11490.0,11483.0,11490.0,11622503073,1011536,17,11490.0
2019-03-31,11497.0,11604.0,11497.0,11498.0,12281883238,1068218,47,11555.0
2019-04-06,11538.0,11538.0,11532.0,11537.0,1180711198,102340,27,11532.0
2019-04-07,11543.0,11544.0,11538.0,11538.0,1739453583,150754,17,11538.0
2019-04-08,11545.0,11551.0,11544.0,11550.0,2216051457,191869,21,11544.0
2019-04-09,11551.0,11558.0,11551.0,11553.0,5633565051,487644,21,11551.0
2019-04-10,11565.0,11565.0,11558.0,11562.0,3967524457,343160,20,11565.0
2019-04-13,11580.0,11586.0,11579.0,11583.0,5996956249,517738,24,11579.0
2019-04-14,11586.0,11593.0,11586.0,11590.0,5734982150,494820,24,11586.0
2019-04-15,11593.0,11600.0,11593.0,11600.0,28758091663,2479226,82,11593.0
2019-04-16,11606.0,11607.0,11606.0,11606.0,2941992670,253488,16,11606.0
2019-04-17,11613.0,11614.0,11613.0,11613.0,21567129084,1857106,46,11614.0
2019-04-20,11634.0,11635.0,11634.0,11635.0,82975949909,7131664,90,11634.0
2019-04-22,11649.0,11761.0,11648.0,11649.0,19294116765,1656254,96,11649.0
2019-04-23,11655.0,11656.0,11654.0,11655.0,19848077942,1703012,38,11656.0
2019-04-24,11663.0,11663.0,11662.0,11663.0,61406423450,5265234,155,11663.0
2019-04-27,11683.0,11684.0,11683.0,11684.0,12389598641,1060395,35,11683.0
2019-04-28,11690.0,11691.0,11690.0,11690.0,886168750,75805,15,11690.0
2019-04-29,11697.0,11698.0,11697.0,11697.0,5549823243,474465,81,11697.0
2019-04-30,11704.0,11710.0,11704.0,11705.0,32100269606,2742478,94,11705.0
2019-05-01,11712.0,11713.0,11711.0,11712.0,20021962913,1709534,67,11712.0
2019-05-04,11733.0,11733.0,11732.0,11732.0,6256151572,533254,33,11732.0
2019-05-05,11739.0,11740.0,11739.0,11739.0,8541195630,727590,17,11740.0
2019-05-06,11747.0,11747.0,11746.0,11747.0,1060636871,90293,10,11747.0
2019-05-07,11754.0,11869.0,11753.0,11778.0,10215351880,867315,33,11754.0
2019-05-08,11780.0,11895.0,11778.0,11780.0,3680220715,312425,24,11895.0
2019-05-11,11787.0,11880.0,11787.0,11789.0,18453089843,1565325,63,11789.0
2019-05-12,11795.0,11800.0,11794.0,11795.0,18578750421,1575135,55,11795.0
2019-05-13,11801.0,11802.0,11801.0,11802.0,11537835934,977645,50,11802.0
2019-05-14,11809.0,11887.0,11808.0,11809.0,2960849922,250727,18,11810.0
2019-05-15,11816.0,11816.0,11815.0,11815.0,5407853165,457704,24,11816.0
2019-05-18,11836.0,11837.0,11836.0,11836.0,2509793505,212047,22,11836.0
2019-05-19,11844.0,11844.0,11843.0,11844.0,31231586302,2636914,51,11844.0
2019-05-20,11851.0,11851.0,11850.0,11851.0,24096565610,2033297,78,11850.0
2019-05-21,11858.0,11858.0,11857.0,11857.0,3879405798,327177,23,11858.0
2019-05-22,11865.0,11865.0,11864.0,11864.0,4246393326,357922,32,11865.0
2019-05-25,11886.0,11886.0,11885.0,11885.0,1536787521,129300,18,11885.0
2019-05-26,11893.0,11893.0,11892.0,11893.0,37276825894,3134356,50,11893.0
2019-05-28,11906.0,11907.0,11906.0,11907.0,36612303505,3074860,95,11907.0
2019-05-29,11913.0,11914.0,11913.0,11914.0,1719406381,144319,10,11914.0
2019-06-01,11934.0,12043.0,11934.0,11935.0,46016868722,3855597,78,11935.0
2019-06-02,11942.0,11994.0,11940.0,11941.0,22290553136,1866665,56,11940.0
2019-06-03,11954.0,11955.0,11944.0,11955.0,13488143699,1128284,38,11955.0
2019-06-08,11985.0,11985.0,11984.0,11985.0,2875534337,239936,15,11985.0
2019-06-09,11992.0,11992.0,11989.0,11990.0,33393519665,2785080,73,11992.0
2019-06-10,11998.0,12086.0,11998.0,11999.0,53277236051,4440135,91,11998.0
2019-06-11,12006.0,12010.0,12005.0,12006.0,6127103408,510347,24,12005.0
2019-06-12,12015.0,12015.0,12008.0,12013.0,2214414102,184331,12,12008.0
2019-06-15,12034.0,12035.0,12034.0,12035.0,10752512970,893455,26,12035.0
2019-06-16,12036.0,12042.0,12036.0,12039.0,3763364405,312586,24,12042.0
2019-06-17,12040.0,12041.0,12040.0,12040.0,1089970149,90529,26,12040.0
2019-06-18,12044.0,12048.0,12044.0,12046.0,29732095945,2468165,88,12044.0
2019-06-19,12052.0,12056.0,12052.0,12056.0,711720000,59035,15,12056.0
2019-06-22,12079.0,12082.0,12079.0,12081.0,582911718,48249,6,12082.0
2019-06-23,12087.0,12089.0,12087.0,12089.0,4508795132,372968,39,12089.0
2019-06-24,12095.0,12096.0,12095.0,12096.0,7319913896,605152,29,12095.0
2019-06-25,12102.0,12103.0,12102.0,12102.0,5292005386,437274,18,12102.0
2019-06-26,12109.0,12150.0,12109.0,12113.0,3103549553,256217,26,12150.0
2019-06-30,12138.0,12170.0,12138.0,12139.0,5761491306,474634,71,12138.0
2019-07-01,12145.0,12146.0,12145.0,12146.0,13147153302,1082452,34,12146.0
2019-07-02,12152.0,12153.0,12152.0,12153.0,11503625041,946574,27,12152.0
2019-07-03,12159.0,12160.0,12159.0,12160.0,32884918048,2704352,127,12160.0
2019-07-06,12181.0,12182.0,12181.0,12182.0,1341327466,110108,29,12181.0
2019-07-07,12188.0,12189.0,12188.0,12189.0,6489045910,532370,16,12189.0
2019-07-08,12196.0,12202.0,12195.0,12196.0,33287003049,2729330,70,12202.0
2019-07-09,12202.0,12203.0,12202.0,12203.0,3864373362,316681,23,12202.0
2019-07-10,12209.0,12211.0,12209.0,12210.0,30955879315,2535290,58,12210.0
2019-07-13,12231.0,12233.0,12231.0,12232.0,17560852317,1435684,66,12231.0
2019-07-14,12239.0,12240.0,12238.0,12239.0,8266027181,675397,47,12238.0
2019-07-15,12245.0,12246.0,12244.0,12245.0,12498451684,1020697,39,12246.0
2019-07-16,12253.0,12253.0,12252.0,12253.0,12062057280,984430,55,12252.0
2019-07-17,12260.0,12260.0,12259.0,12260.0,9114632654,743446,85,12260.0
2019-07-20,12282.0,12356.0,12281.0,12282.0,8230032884,670088,53,12282.0
2019-07-21,12288.0,12291.0,12288.0,12289.0,14008990722,1139919,177,12289.0
2019-07-22,12296.0,12296.0,12295.0,12296.0,2286224003,185939,52,12296.0
2019-07-23,12303.0,12303.0,12302.0,12302.0,3770998270,306532,25,12302.0
2019-07-24,12310.0,12320.0,12310.0,12310.0,15625690398,1269321,93,12320.0
2019-07-27,12332.0,12400.0,12331.0,12332.0,30963732700,2510843,44,12332.0
2019-07-28,12339.0,12396.0,12338.0,12339.0,14888076046,1206622,59,12339.0
2019-07-29,12346.0,12400.0,12346.0,12347.0,9717080644,787024,27,12365.0
2019-07-30,12354.0,12399.0,12353.0,12355.0,9406410044,761368,44,12354.0
2019-07-31,12361.0,12420.0,12361.0,12361.0,5414487481,438015,32,12370.0
2019-08-03,12384.0,12414.0,12384.0,12384.0,14371004118,1160449,41,12384.0
2019-08-04,12390.0,12391.0,12390.0,12391.0,5231629964,422216,24,12390.0
2019-08-05,12397.0,12398.0,12397.0,12397.0,10672483157,860888,32,12398.0
2019-08-06,12404.0,12405.0,12404.0,12405.0,4763412642,383997,26,12404.0
2019-08-07,12412.0,12534.0,12412.0,12414.0,90254590901,7270332,274,12413.0
2019-08-10,12435.0,12435.0,12434.0,12435.0,1750716620,140791,45,12435.0
2019-08-11,12441.0,12539.0,12441.0,12442.0,11893140151,955886,129,12442.0
2019-08-13,12456.0,12559.0,12456.0,12456.0,3652350069,293218,27,12456.0
2019-08-14,12463.0,12500.0,12462.0,12464.0,7233370421,580345,22,12465.0
2019-08-17,12485.0,12589.0,12484.0,12485.0,12246116808,980863,43,12486.0
2019-08-18,12493.0,12597.0,12492.0,12493.0,5318481590,425714,23,12493.0
2019-08-19,12501.0,12501.0,12499.0,12500.0,81104793155,6488515,146,12501.0
2019-08-21,12516.0,12516.0,12515.0,12516.0,21055161275,1682270,86,12516.0
2019-08-24,12539.0,12539.0,12538.0,12539.0,18148841728,1447445,60,12538.0
2019-08-25,12547.0,12597.0,12546.0,12547.0,9575589366,763178,37,12597.0
2019-08-26,12554.0,12555.0,12554.0,12555.0,17485274211,1392741,48,12555.0
2019-08-27,12563.0,12564.0,12562.0,12563.0,3670510582,292171,43,12563.0
2019-08-28,12571.0,12694.0,12570.0,12571.0,2029637442,161455,33,12570.0
2019-08-31,12594.0,12595.0,12593.0,12594.0,13286315935,1055003,119,12594.0
2019-09-01,12602.0,12647.0,12601.0,12602.0,4448228437,352971,31,12602.0
2019-09-02,12610.0,12641.0,12609.0,12611.0,7073051165,560885,40,12610.0
2019-09-03,12618.0,12618.0,12617.0,12617.0,18714881844,1483258,56,12617.0
2019-09-04,12625.0,12700.0,12624.0,12630.0,16004724814,1267222,56,12626.0
2019-09-07,12649.0,12649.0,12647.0,12648.0,28024444698,2215796,99,12647.0
2019-09-08,12657.0,12657.0,12655.0,12656.0,17329587880,1369276,54,12657.0
2019-09-11,12678.0,12745.0,12678.0,12685.0,2987976435,235550,21,12743.0
2019-09-14,12705.0,12705.0,12000.0,12700.0,4007001339,315508,31,12702.0
2019-09-15,12709.0,12711.0,12709.0,12709.0,7078539735,556949,29,12709.0
2019-09-16,12718.0,12718.0,12717.0,12718.0,1958702484,154012,50,12718.0
2019-09-17,12749.0,12749.0,12723.0,12724.0,25533518863,2006787,49,12725.0
2019-09-18,12732.0,12733.0,12731.0,12732.0,25871911221,2032111,80,12732.0
2019-09-21,12766.0,12769.0,12765.0,12765.0,11550624544,904853,28,12769.0
2019-09-22,12775.0,12817.0,12775.0,12775.0,2317078981,181372,21,12775.0
2019-09-23,12783.0,12849.0,12783.0,12789.0,451438420,35298,18,12790.0
2019-09-24,12793.0,12795.0,12792.0,12793.0,14644728112,1144759,51,12792.0
2019-09-25,12806.0,12810.0,12805.0,12805.0,1346339675,105141,20,12810.0
2019-09-28,12837.0,12885.0,12837.0,12858.0,759335117,59056,56,12841.0
2019-09-29,12847.0,12954.0,12844.0,12844.0,39945218549,3109992,88,12844.0
2019-09-30,12900.0,12900.0,12854.0,12855.0,4012642682,312153,34,12854.0
2019-10-01,12863.0,12866.0,12863.0,12865.0,643771324,50041,17,12865.0
2019-10-02,12874.0,12940.0,12873.0,12873.0,7591289263,589688,37,12873.0
2019-10-05,12924.0,12924.0,12890.0,12899.0,51871180249,4021332,102,12899.0
2019-10-06,12909.0,12979.0,12911.0,12934.0,697851444,53956,10,12979.0
2019-10-07,12943.0,12990.0,12919.0,12948.0,233286739267,18017592,380,12970.0
2019-10-08,12930.0,12988.0,12930.0,12982.0,70334030927,5417972,105,12987.0
2019-10-09,12951.0,13119.0,12951.0,12995.0,3022087806,232564,25,12983.0
2019-10-12,12971.0,13095.0,12971.0,13023.0,8944631457,686839,23,13095.0
2019-10-13,12980.0,13100.0,12980.0,13033.0,39573343304,3036494,82,13100.0
2019-10-14,13110.0,13112.0,13037.0,13045.0,1419557345,108816,20,13100.0
2019-10-15,13045.0,13122.0,13045.0,13118.0,4518794119,344476,22,13122.0
2019-10-16,13054.0,13224.0,13003.0,13047.0,64685327101,4958008,467,13032.0
2019-10-20,13164.0,13167.0,13060.0,13069.0,101202989507,7743861,225,13068.0
2019-10-21,13062.0,13070.0,13053.0,13061.0,200069831,15318,19,13055.0
2019-10-22,13058.0,13089.0,13057.0,13061.0,307451476,23540,8,13057.0
2019-10-23,13067.0,13070.0,13067.0,13068.0,1902903799,145615,16,13069.0
2019-10-26,13157.0,13157.0,13092.0,13101.0,14498853503,1106727,441,13157.0
2019-10-28,13175.0,13175.0,13111.0,13135.0,37612255989,2863478,93,13170.0
2019-10-30,13253.0,13253.0,13132.0,13200.0,2054627450,155654,28,13200.0
2019-11-02,13209.0,13209.0,13209.0,13209.0,135947028,10292,8,13209.0
2019-11-03,13209.0,13209.0,13160.0,13182.0,49796103496,3777588,107,13209.0
2019-11-04,13250.0,13250.0,13164.0,13184.0,3384194782,256691,52,13164.0
2019-11-05,13175.0,13204.0,13173.0,13179.0,3152321192,239200,33,13173.0
2019-11-09,13200.0,13214.0,13199.0,13199.0,7164351658,542782,70,13199.0
2019-11-10,13209.0,13224.0,13208.0,13214.0,20769142579,1571807,55,13208.0
2019-11-11,13218.0,13262.0,13218.0,13233.0,7911066567,597850,452,13262.0
2019-11-12,13255.0,13258.0,13150.0,13226.0,73602266030,5564906,201,13244.0
2019-11-13,13262.0,13275.0,13235.0,13236.0,11823341604,893293,83,13236.0
2019-11-16,13244.0,13299.0,13244.0,13258.0,10893783981,821665,56,13244.0
2019-11-17,13266.0,13279.0,13262.0,13278.0,10742745736,809080,38,13262.0
2019-11-18,13274.0,13330.0,13272.0,13305.0,46164259257,3469571,183,13330.0
2019-11-19,13300.0,13317.0,13281.0,13302.0,1210713444,91017,24,13284.0
2019-11-20,13354.0,13354.0,13289.0,13297.0,394145562,29642,38,13300.0
2019-11-23,13340.0,13350.0,13316.0,13333.0,13041088090,978086,62,13317.0
2019-11-24,13327.0,13397.0,13325.0,13355.0,51383644203,3847507,169,13325.0
2019-11-25,13340.0,13373.0,13334.0,13370.0,8027662074,600417,44,13335.0
2019-11-26,13345.0,13400.0,13343.0,13395.0,257741667930,19241112,423,13350.0
2019-11-27,13371.0,13380.0,13352.0,13379.0,214099276854,16002996,204,13352.0
2019-11-30,13380.0,13400.0,13379.0,13398.0,11113004403,829455,29,13379.0
2019-12-01,13388.0,13398.0,13388.0,13389.0,24866519557,1857173,49,13388.0
2019-12-02,13397.0,13426.0,13397.0,13400.0,52016035893,3881820,55,13426.0
2019-12-03,13407.0,13460.0,13390.0,13394.0,102703983554,7668010,194,13391.0
2019-12-04,13414.0,13470.0,13414.0,13414.0,7577657404,564894,28,13414.0
2019-12-07,13439.0,13439.0,13438.0,13438.0,9727275865,723863,41,13438.0
2019-12-08,13497.0,13509.0,13446.0,13446.0,25583089384,1902629,68,13446.0
2019-12-09,13455.0,13475.0,13454.0,13454.0,6320639520,469786,33,13454.0
2019-12-10,13479.0,13479.0,13462.0,13464.0,1582064902,117507,33,13463.0
2019-12-11,13479.0,13499.0,13470.0,13492.0,211927492,15708,11,13499.0
2019-12-14,13495.0,13538.0,13495.0,13535.0,73902640363,5460295,261,13538.0
2019-12-15,13560.0,13560.0,13502.0,13524.0,70068120579,5181029,71,13524.0
2019-12-16,13520.0,13560.0,13520.0,13528.0,38015040,2810,9,13520.0
2019-12-17,13521.0,13579.0,13518.0,13525.0,4122165409,304791,74,13520.0
2019-12-18,13527.0,13578.0,13527.0,13528.0,200891640,14850,15,13527.0
2019-12-21,13551.0,13591.0,13550.0,13551.0,928745686,68539,23,13551.0
2019-12-22,13558.0,13597.0,13558.0,13559.0,896145742,66090,28,13559.0
2019-12-23,13566.0,13621.0,13566.0,13598.0,267599413264,19680013,423,13593.0
2019-12-24,13580.0,13627.0,13574.0,13579.0,319552895,23533,26,13627.0
2019-12-25,13591.0,13646.0,13582.0,13588.0,1060084520,78016,23,13585.0
2019-12-28,13607.0,13673.0,13607.0,13649.0,2162914842,158472,37,13637.0
2019-12-29,13622.0,13676.0,13622.0,13651.0,141413773,10359,8,13660.0
2019-12-30,13634.0,13689.0,13634.0,13687.0,164593882471,12025742,267,13689.0
2019-12-31,13630.0,13712.0,13630.0,13698.0,28724765871,2096937,53,13711.0
2020-01-01,13688.0,13770.0,13643.0,13732.0,107908961617,7858344,164,13768.0
2020-01-04,13662.0,13729.0,13662.0,13685.0,153485995,11216,9,13665.0
2020-01-05,13672.0,13736.0,13672.0,13695.0,270137719,19725,22,13713.0
2020-01-07,13687.0,13753.0,13687.0,13736.0,1632019828,118816,74,13753.0
2020-01-08,13700.0,13758.0,13700.0,13721.0,766373156,55856,26,13725.0
2020-01-11,13719.0,13782.0,13718.0,13722.0,430881202,31401,21,13782.0
2020-01-12,13733.0,13797.0,13732.0,13733.0,441703454,32163,20,13733.0
2020-01-13,13774.0,13843.0,13740.0,13842.0,35058858049,2532816,53,13843.0
2020-01-14,13753.0,13879.0,13752.0,13760.0,701300122,50965,89,13752.0
2020-01-15,13765.0,13861.0,13764.0,13855.0,27201274105,1963289,96,13861.0
2020-01-18,13802.0,13900.0,13800.0,13835.0,16584191809,1198692,49,13870.0
2020-01-19,13840.0,13849.0,13815.0,13827.0,1613915371,116723,25,13826.0
2020-01-20,13827.0,13900.0,13825.0,13831.0,436336271,31547,25,13826.0
2020-01-21,13837.0,13900.0,13837.0,13840.0,755746076,54607,23,13851.0
2020-01-22,13849.0,13925.0,13849.0,13920.0,1011249223939,72647954,1491,13920.0
2020-01-25,13888.0,13997.0,13887.0,13935.0,490133133920,35173171,661,13887.0
2020-01-26,13898.0,13963.0,13898.0,13962.0,46987421169,3365351,135,13899.0
2020-01-27,13910.0,13977.0,13908.0,13918.0,3869629995,278031,47,13977.0
2020-01-28,13925.0,14000.0,13921.0,13934.0,155740249,11177,41,13938.0
2020-02-01,14026.0,14027.0,14019.0,14021.0,365089560168,26037861,439,14019.0
2020-02-02,14100.0,14114.0,14100.0,14112.0,64763190832,4589208,156,14101.0
2020-02-03,14122.0,14123.0,14110.0,14123.0,15456387976,1094417,42,14123.0
2020-02-04,14132.0,14132.0,14120.0,14127.0,4526528852,320412,33,14120.0
2020-02-05,14136.0,14136.0,14123.0,14136.0,7734680367,547176,49,14135.0
2020-02-08,14162.0,14163.0,14151.0,14162.0,6627939525,468022,224,14163.0
2020-02-09,14178.0,14196.0,14165.0,14194.0,210296597585,14815385,205,14196.0
2020-02-10,14185.0,14873.0,14171.0,14185.0,19250094573,1357085,55,14185.0
2020-02-12,14186.0,14239.0,14186.0,14215.0,285024132812,20050998,609,14238.0
2020-02-15,14244.0,14245.0,14210.0,14214.0,17402205341,1224321,54,14210.0
2020-02-16,14253.0,14254.0,14213.0,14242.0,6437019530,451972,32,14249.0
2020-02-17,14249.0,14249.0,14217.0,14217.0,57124042971,4018001,159,14217.0
2020-02-18,14235.0,14235.0,14223.0,14223.0,332824839023,23400133,461,14235.0
2020-02-19,14236.0,14246.0,14236.0,14246.0,3504808026,246026,74,14246.0
2020-02-22,14250.0,14269.0,14244.0,14245.0,3504246796,246001,175,14244.0
2020-02-23,14266.0,14278.0,14265.0,14271.0,367314755,25738,13,14265.0
2020-02-24,14273.0,14285.0,14100.0,14271.0,311289255148,21813098,478,14283.0
2020-02-25,14290.0,14290.0,14281.0,14281.0,17248105486,1207757,70,14281.0
2020-02-26,14289.0,14295.0,14270.0,14287.0,461538347693,32303735,639,14295.0
2020-02-29,14316.0,14326.0,14316.0,14317.0,2360810729,164897,36,14325.0
2020-03-01,14320.0,14347.0,14320.0,14335.0,1598907508,111538,33,14347.0
2020-03-02,14332.0,14347.0,14329.0,14341.0,5284578774,368490,43,14347.0
2020-03-03,14338.0,14354.0,14338.0,14347.0,3542732397,246928,66,14354.0
2020-03-04,14346.0,14362.0,14345.0,14359.0,53052097999,3694653,161,14360.0
2020-03-07,14379.0,14393.0,14379.0,14380.0,115269274997,8015943,279,14379.0
2020-03-09,14392.0,14396.0,14387.0,14395.0,25413378641,1765408,378,14396.0
2020-03-10,14395.0,14409.0,14395.0,14409.0,3427504428,237878,37,14408.0
2020-03-11,14404.0,14417.0,14403.0,14411.0,116531873918,8086147,169,14417.0
2020-03-14,14431.0,14444.0,14431.0,14434.0,110074382290,7626019,135,14444.0
2020-03-15,14440.0,14453.0,14440.0,14449.0,621242497,42997,20,14441.0
2020-03-16,14449.0,14504.0,14448.0,14491.0,399195292179,27547150,304,14501.0
2020-03-17,14512.0,14513.0,14461.0,14503.0,12660564379,872944,73,14513.0
2020-03-18,14520.0,14890.0,14520.0,14533.0,16307556280,1122075,75,14561.0
2020-03-24,14522.0,15240.0,14520.0,14575.0,734319421,50381,33,14770.0
2020-03-25,14620.0,14700.0,14531.0,14541.0,101376718315,6971824,181,14600.0
2020-03-28,14600.0,14744.0,14560.0,14619.0,106902452983,7312459,201,14620.0
2020-03-29,14769.0,14769.0,14581.0,14647.0,12803188190,874107,71,14651.0
2020-03-30,14651.0,14776.0,14621.0,14652.0,25881542568,1766403,47,14651.0
2020-04-04,15241.0,15241.0,14624.0,14689.0,161987413002,11027776,280,14688.0
2020-04-05,14697.0,14780.0,14650.0,14693.0,33528872942,2281902,71,14650.0
2020-04-06,14690.0,14708.0,14640.0,14706.0,40491512966,2753437,103,14670.0
2020-04-07,14717.0,14758.0,14717.0,14720.0,77082058403,5236689,187,14720.0
2020-04-08,14726.0,14790.0,14672.0,14709.0,39111313489,2659006,170,14710.0
2020-04-11,14694.0,14748.0,14684.0,14700.0,38339688697,2608122,95,14710.0
2020-04-12,14720.0,14786.0,14690.0,14755.0,46303683678,3138267,116,14740.0
2020-04-13,14785.0,14785.0,14708.0,14726.0,10664710306,724223,55,14750.0
2020-04-14,14718.0,14760.0,14718.0,14742.0,10618476726,720264,81,14760.0
2020-04-15,14729.0,14737.0,14728.0,14730.0,2357858069,160071,108,14728.0
2020-04-18,14755.0,14813.0,14753.0,14754.0,116421927742,7890927,383,14753.0
2020-04-19,14772.0,14772.0,14762.0,14763.0,1020703900,69138,50,14769.0
2020-04-20,14784.0,14790.0,14771.0,14789.0,296620449869,20057156,432,14771.0
2020-04-21,14811.0,14820.0,14783.0,14792.0,39436607953,2666111,72,14820.0
2020-04-22,14802.0,14835.0,14792.0,14802.0,31350980364,2118039,76,14810.0
2020-04-25,14834.0,14998.0,14834.0,14859.0,23314838179,1569096,79,14856.0
2020-04-26,14860.0,15145.0,14850.0,14867.0,1221532390,82166,46,14985.0
2020-04-27,15139.0,15139.0,14861.0,14899.0,23732184352,1592870,117,14903.0
2020-04-28,14946.0,15096.0,14910.0,14921.0,12924684310,866187,64,14915.0
2020-04-29,15149.0,15149.0,14903.0,14941.0,3557572303,238104,80,14930.0
2020-05-02,15130.0,15137.0,14955.0,15070.0,2481077252,164637,90,15040.0
2020-05-03,15145.0,15145.0,15000.0,15074.0,1889305054,125337,93,15056.0
2020-05-04,14990.0,15087.0,14988.0,14993.0,8714042361,581226,76,14991.0
2020-05-05,15004.0,15219.0,15003.0,15050.0,32594618437,2165723,107,15219.0
2020-05-06,15016.0,15189.0,15000.0,15006.0,101486912118,6763293,264,15108.0
2020-05-09,15105.0,15216.0,15040.0,15067.0,76675399267,5089002,193,15215.0
2020-05-10,15115.0,15487.0,15115.0,15146.0,1383445163,91339,45,15126.0
2020-05-11,15470.0,15470.0,15132.0,15239.0,6389983272,419307,86,15211.0
2020-05-12,15205.0,15335.0,15145.0,15223.0,24700100038,1622581,125,15201.0
2020-05-13,15201.0,15260.0,15171.0,15206.0,2663428488,175160,54,15197.0
2020-05-16,15239.0,15395.0,15230.0,15263.0,1843293124,120768,57,15232.0
2020-05-17,15210.0,15379.0,15200.0,15323.0,3932022049,256610,62,15350.0
2020-05-18,15350.0,15350.0,15211.0,15275.0,2250250275,147315,113,15238.0
2020-05-19,15240.0,15299.0,15240.0,15265.0,504649750,33060,27,15266.0
2020-05-20,15298.0,15340.0,15242.0,15288.0,1249996390,81763,33,15299.0
2020-05-23,15250.0,15378.0,15250.0,15301.0,989535526,64670,98,15270.0
2020-05-26,15226.0,15348.0,15226.0,15250.0,1270642677,83323,33,15278.0
2020-05-27,15255.0,15378.0,15254.0,15320.0,682293010,44537,25,15300.0
2020-05-30,15370.0,15397.0,15320.0,15356.0,1666407837,108519,21,15397.0
2020-05-31,15397.0,15420.0,15397.0,15402.0,3377176298,219265,52,15406.0
2020-06-01,15401.0,15665.0,15385.0,15401.0,2063823617,134008,27,15386.0
2020-06-02,15392.0,15398.0,15384.0,15393.0,13695632126,889731,51,15398.0
2020-06-06,15416.0,15700.0,15416.0,15442.0,5950445527,385341,52,15428.0
2020-06-07,15465.0,15598.0,15464.0,15475.0,35745058969,2309830,83,15464.0
2020-06-08,15501.0,15586.0,15501.0,15519.0,1565216599,100859,27,15585.0
2020-06-09,15585.0,15585.0,15516.0,15521.0,1165561360,75094,33,15521.0
2020-06-10,15600.0,15660.0,15558.0,15596.0,2131053266,136639,46,15558.0
2020-06-13,15586.0,15817.0,15584.0,15598.0,3648383428,233897,53,15588.0
2020-06-14,15690.0,15690.0,15595.0,15617.0,56742734113,3633309,107,15664.0
2020-06-15,15699.0,15699.0,15600.0,15616.0,44785039548,2867807,93,15600.0
2020-06-16,15713.0,15713.0,15661.0,15669.0,1228383280,78396,37,15698.0
2020-06-20,15698.0,15770.0,15698.0,15721.0,3786765461,240877,45,15722.0
2020-06-21,15758.0,15840.0,15722.0,15736.0,80319895491,5104213,134,15736.0
2020-06-22,15824.0,15824.0,15745.0,15746.0,11617812197,737823,52,15745.0
2020-06-23,15773.0,15808.0,15773.0,15776.0,7676143541,486582,67,15773.0
2020-06-24,15810.0,15820.0,15803.0,15812.0,16638417967,1052286,62,15820.0
2020-06-27,15857.0,15950.0,15857.0,15857.0,28676344040,1808412,65,15857.0
2020-06-28,15913.0,16098.0,15913.0,16031.0,2949982427,184020,57,16070.0
2020-06-29,16189.0,16189.0,15919.0,15950.0,3154713504,197791,43,15921.0
2020-06-30,15952.0,15975.0,15952.0,15972.0,15580258208,975495,92,15975.0
2020-07-01,15988.0,16012.0,15988.0,16001.0,16210862502,1013142,73,15988.0
2020-07-04,16036.0,16036.0,16017.0,16022.0,1406368161,87780,56,16018.0
2020-07-05,16032.0,16053.0,16010.0,16032.0,32896772063,2051952,89,16040.0
2020-07-06,16076.0,16134.0,16057.0,16070.0,173526227030,10798136,276,16070.0
2020-07-07,16129.0,16129.0,16001.0,16108.0,31139797405,1933141,93,16120.0
2020-07-08,16096.0,16115.0,16096.0,16097.0,8072631542,501491,53,16105.0
2020-07-11,16128.0,16146.0,16127.0,16132.0,11600645896,719114,55,16130.0
2020-07-12,16150.0,16159.0,16147.0,16152.0,3201336423,198201,64,16154.0
2020-07-13,16154.0,16170.0,16153.0,16154.0,4307066470,266627,68,16153.0
2020-07-14,16180.0,16570.0,16161.0,16167.0,8433733588,521670,44,16177.0
2020-07-15,16177.0,16182.0,16163.0,16164.0,5158116195,319118,52,16163.0
2020-07-18,16202.0,16210.0,16039.0,16165.0,582270111593,36020080,778,16165.0
2020-07-19,16197.0,16197.0,16178.0,16185.0,157919484727,9757096,166,16190.0
2020-07-20,16191.0,16192.0,16010.0,16169.0,58427778975,3613592,103,16173.0
2020-07-21,16117.0,16200.0,16112.0,16187.0,148438207955,9170061,161,16114.0
2020-07-22,16200.0,16210.0,16150.0,16199.0,20921220440,1291498,72,16150.0
2020-07-25,16193.0,16212.0,16193.0,16201.0,19619034072,1210970,70,16193.0
2020-07-26,16222.0,16249.0,16222.0,16238.0,16117887323,992600,45,16235.0
2020-07-27,16222.0,16238.0,16221.0,16223.0,18440022278,1136675,56,16221.0
2020-07-28,16246.0,16286.0,16229.0,16240.0,20899532564,1286926,57,16230.0
2020-07-29,16265.0,16287.0,16241.0,16281.0,75064791075,4610626,145,16287.0
2020-08-01,16260.0,16488.0,16249.0,16277.0,41272485361,2535626,81,16281.0
2020-08-02,16333.0,16372.0,16333.0,16357.0,16654134498,1018192,54,16352.0
2020-08-03,16450.0,16450.0,16410.0,16415.0,14064700630,856826,58,16410.0
2020-08-04,16429.0,16448.0,16150.0,16429.0,17891428890,1089025,41,16390.0
2020-08-05,16479.0,16480.0,16462.0,16463.0,17618429542,1070214,50,16470.0
2020-08-09,16514.0,16514.0,16206.0,16493.0,17957101212,1088755,49,16500.0
2020-08-10,16551.0,16552.0,16500.0,16538.0,24625228609,1488980,68,16550.0
2020-08-11,16540.0,16540.0,16470.0,16486.0,8003893340,485506,32,16470.0
2020-08-12,16519.0,16519.0,16000.0,16457.0,22125162396,1344399,64,16480.0
2020-08-15,16433.0,16556.0,16433.0,16448.0,244312740,14854,13,16434.0
2020-08-16,16558.0,16558.0,16422.0,16438.0,728415471,44313,27,16423.0
2020-08-17,16400.0,16450.0,16387.0,16405.0,321928862,19624,15,16450.0
2020-08-18,16540.0,16549.0,16421.0,16446.0,2238757623,136128,39,16425.0
2020-08-19,16540.0,16540.0,16421.0,16428.0,232415297379,14147515,227,16428.0
2020-08-22,16442.0,16442.0,16430.0,16430.0,18926537624,1151940,35,16439.0
2020-08-23,16439.0,16440.0,16421.0,16421.0,8438892966,513893,35,16428.0
2020-08-24,16428.0,16499.0,16203.0,16400.0,49678911169,3029188,79,16203.0
2020-08-25,16380.0,16440.0,16380.0,16401.0,33034767338,2014198,65,16383.0
2020-08-26,16415.0,16559.0,16415.0,16430.0,29183458602,1776273,63,16433.0
2020-08-31,16449.0,16465.0,16410.0,16415.0,3415706837,208082,42,16415.0
2020-09-01,16450.0,16499.0,16430.0,16444.0,581969555,35392,19,16431.0
2020-09-02,16466.0,16550.0,16465.0,16466.0,16653144079,1011377,44,16465.0
2020-09-05,16467.0,16597.0,16467.0,16496.0,18254356856,1106594,40,16487.0
2020-09-06,16499.0,16545.0,16499.0,16503.0,1216623120,73721,28,16545.0
2020-09-07,16529.0,16530.0,16500.0,16528.0,9187508790,555862,51,16525.0
2020-09-08,16525.0,16600.0,16495.0,16535.0,8623150640,521504,64,16600.0
2020-09-09,16695.0,16695.0,16504.0,16584.0,7707527078,464759,47,16600.0
2020-09-12,16700.0,16700.0,16515.0,16546.0,25656803230,1550627,68,16680.0
2020-09-13,16505.0,16700.0,16500.0,16590.0,26264182598,1583180,50,16595.0
2020-09-14,16546.0,16591.0,16524.0,16564.0,40349190458,2435936,61,16580.0
2020-09-15,16576.0,16700.0,16576.0,16682.0,8205533760,491871,31,16680.0
2020-09-16,16700.0,16700.0,16690.0,16690.0,11711315332,701692,41,16690.0
2020-09-19,16700.0,16729.0,16695.0,16696.0,9729153475,582740,42,16696.0
2020-09-20,16623.0,16770.0,16620.0,16717.0,21355311770,1277494,34,16759.0
2020-09-21,16770.0,16790.0,16700.0,16760.0,35699428557,2130035,62,16700.0
2020-09-22,16670.0,16850.0,16670.0,16777.0,7423417867,442481,27,16840.0
2020-09-23,16780.0,16780.0,16690.0,16778.0,5653525815,336963,30,16780.0
2020-09-26,16790.0,16790.0,16710.0,16783.0,2103961602,125365,28,16789.0
2020-09-27,16759.0,16899.0,16710.0,16754.0,8278634405,494123,35,16790.0
2020-09-28,16701.0,16760.0,16701.0,16749.0,8159172547,487156,29,16760.0
2020-09-29,16778.0,16780.0,16740.0,16778.0,916255646,54611,10,16740.0
2020-09-30,16702.0,16785.0,16701.0,16771.0,2015844683,120197,19,16785.0
2020-10-03,16738.0,16778.0,16738.0,16773.0,938562905,55956,10,16778.0
2020-10-04,16742.0,16850.0,16741.0,16828.0,977734352,58102,10,16837.0
2020-10-05,16800.0,16988.0,16800.0,16924.0,215708353,12746,8,16800.0
